{
  "$schema": "https://ev2schema.azure.net/schemas/2020-04-01/RegionAgnosticServiceModel.json",
  "contentVersion": "1.0.0",
  "serviceMetadata": {
    "serviceIdentifier":"dd62a956-59c1-4276-ac54-f4f9d7a731f0",
    "serviceGroup": "Microsoft.Azure.Ev2.Tutorial.v-saneelam",
    "environment": "prod",
    "TenantId":"33e01921-4d64-4f8c-a055-5bdaffd5e33d"
  },
    "serviceResourceGroupDefinitions": [
        {
            "name": "ocsvmss-eus",
            "serviceResourceDefinitions": [
                {
                    "name": "vmssServiceResourceGroupDefinition",
                    "armTemplatePath": "Templates\\vmss.deploymentTemplate.json"
                }
            ]
        }
    ],
    "serviceResourceGroups": [
      {
        "AzureResourceGroupName":"SCOMProdPub",
        "Location": "eastus",
        "InstanceOf": "ocsvmss-eus",
        "AzureSubscriptionId": "dc7b0c81-a5f5-42c8-8c20-58cbf7c1c8f0",
        "ServiceResources": [
          {
            "Name": "ocsvmss-onlinecatalog",
            "InstanceOf": "vmssServiceResourceGroupDefinition",
            "ArmParametersPath": "Parameters\\vmss.deploymentParameters.json"
          }
        ]
      }
    ]
}